Which Cluster,Commandment,Bible Verse,Numerical Commandment Reference,Numerical Bible Verse Reference
4,Know there is a God ,EXO 20:2,441,168
5,Do not entertain thoughts of other gods besides God ,EXO 20:3,219,172
4,"Know that God is One, a complete Unity ",DEU 6:4,440,133
4,Love God ,DEU 6:5,453,134
0,Fear God reverently ,DEU 10:20,410,1
3,Sanctify God's Name ,LEV 22:32,517,341
1,Do not profane God's Name ,LEV 22:32,316,341
5,Do not destroy objects associated with God's Name ,DEU 12:4,166,12
4,Listen to the prophet speaking in God's Name ,DEU 18:15,452,51
0,Do not test God unduly ,DEU 6:16,372,132
0,Emulate God's ways ,DEU 28:9,399,127
5,Cleave to those who know God (and His Law),DEU 10:20,102,1
3,Love other covenant members ,LEV 19:18,454,299
4,Show love towards foreigners ,DEU 10:19,530,0
1,Do not hate fellow covenant members ,LEV 19:17,233,298
3,Reprove a neighbor who sins ,LEV 19:17,502,298
1,Do not embarrass others ,LEV 19:17,217,298
0,Do not oppress the stranger ,EXO 22:21,300,191
1,Do not gossip about others ,LEV 19:16,232,297
1,Do not take revenge ,LEV 19:18,367,299
2,Do not bear a grudge ,LEV 19:18,125,299
4,Learn the Law (Torah),DEU 6:7,442,135
3,Honor the wise and the aged (who know and teach God's Law),LEV 19:32,432,309
1,Do not inquire into idolatry ,LEV 19:4,260,312
1,Do not follow the whims of your heart or what your eyes see ,NUM 15:39,226,416
5,Do not curse God ,EXO 22:28,147,193
0,Do not worship idols in the manner they are worshiped ,EXO 20:5,389,174
0,Do not worship idols in the four ways we worship God ,EXO 20:5,388,174
0,Do not make an idol for yourself ,EXO 20:4,286,173
1,Do not make an idol for others ,LEV 19:4,285,312
0,Do not make human forms even for decorative purposes ,EXO 20:23,287,169
0,Do not turn a city to idolatry ,EXO 23:13,374,203
5,Burn a city that has turned to idol worship ,DEU 13:17,79,16
0,Do not rebuild an idolatrous city that has been burned ,DEU 13:17,327,16
5,Do not derive benefit from an idolatrous city ,DEU 13:18,161,17
5,Do not entice an individual to idol worship ,DEU 13:12,220,14
0,Do not love those who entice others into idolatry ,DEU 13:9,282,19
5,Do not cease hating an idolater ,DEU 13:9,136,19
0,Do not save an idolater from execution ,DEU 13:9,342,19
0,Do not say anything in an idolater's defense ,DEU 13:9,343,19
0,Do not refrain from incriminating an idolater ,DEU 13:9,331,19
0,Do not prophesy in the name of idolatry ,DEU 18:20,318,52
0,Do not listen to a false prophet ,DEU 13:4,280,18
0,Do not prophesy falsely in the name of God ,DEU 18:20,317,52
5,Do not be afraid of killing the false prophet ,DEU 18:22,123,53
0,Do not swear in the name of an idol ,EXO 23:13,364,203
1,Do not inquire of spirits,LEV 19:31,261,308
2,Do not consult magicians or seers,LEV 19:31,142,308
1,Do not pass your children through the fire to Molech ,LEV 18:21,303,284
5,Do not erect a pillar in a public place of worship ,DEU 16:22,221,39
2,Do not bow down on smooth stone ,LEV 26:1,128,376
0,Do not plant a tree in the Temple courtyard,DEU 16:21,308,38
5,Destroy idols and their accessories ,DEU 12:2,108,7
5,Do not derive benefit from idols and their accessories ,DEU 7:26,162,140
5,Do not derive benefit from ornaments of idols ,DEU 7:25,163,139
0,Do not make a covenant with idolaters ,DEU 7:2,284,138
0,Do not show favor to idolaters ,DEU 7:2,352,138
1,Do not let idolaters dwell in the Land of Israel ,EXO 23:33,279,209
1,Do not imitate idolaters in customs and clothing ,LEV 20:23,258,318
2,Do not be superstitious ,LEV 19:26,124,303
5,"Do not go into a trance to foresee events, etc",DEU 18:10,231,49
1,Do not engage in astrology ,LEV 19:26,218,303
0,Do not mutter incantations ,DEU 18:11,292,50
5,Do not attempt to contact the dead ,DEU 18:11,120,50
5,Do not consult ghosts or spirits,DEU 18:11,141,50
5,Do not consult magicians or wizards,DEU 18:11,143,50
0,Do not perform acts of magic ,DEU 18:10,304,49
3,Men must not shave the hair off the sides of their head ,LEV 19:27,458,304
3,Men must not shave their beards with a razor ,LEV 19:27,459,304
4,Men must not wear women's clothing ,DEU 22:5,460,85
4,Women must not wear men's clothing ,DEU 22:5,612,85
1,Do not tattoo the skin ,LEV 19:28,369,305
0,Do not tear or cut the skin in mourning ,DEU 14:1,370,20
0,Do not make a bald spot in mourning ,DEU 14:1,283,20
3,Repent and confess wrongdoings ,NUM 5:7,501,451
4,Recite the Shema twice daily ,DEU 6:7,490,135
4,Serve the Almighty [traditionally: with daily prayer] ,EXO 23:25,523,208
3,The priests must bless the Israelite nation daily ,NUM 6:23,599,452
4,Wear tefillin (phylacteries) on the head ,DEU 6:8,610,136
5,Bind tefillin on the arm ,DEU 6:8,57,136
4,Put the commandments on each door post ,DEU 6:9,487,137
0,Each male must write a scroll of the Law,DEU 31:19,394,129
4,The king must have a separate book of the Law for himself ,DEU 17:18,579,47
3,Have tzitzit on four-cornered garments ,NUM 15:38,427,415
5,Bless the Almighty after eating ,DEU 8:10,58,142
2,Circumcise all males on the eighth day after their birth ,LEV 12:3,101,252
4,Rest on the seventh day Sabbath,EXO 23:12,510,202
5,Do not do prohibited labor on the seventh day Sabbath,EXO 20:10,175,162
4,The court must not inflict punishment on the Sabbath,EXO 35:3,555,231
0,Do not walk outside the city boundary on the Sabbath,EXO 16:29,375,161
4,Sanctify the Sabbath (in speech) from beginning to end,EXO 20:8,518,176
2,Do not do prohibited labor on the Day of Atonement,LEV 23:32,169,351
3,Rest from prohibited labor on the Day of Atonement,LEV 23:32,504,351
2,Afflict yourself on the Day of Atonement,LEV 16:29,41,269
1,Do not eat or drink on the Day of Atonement,LEV 23:29,201,350
3,Rest on the first day of Passover,LEV 23:7,509,356
2,Do not do prohibited labor on the first day of Passover ,LEV 23:7,172,356
3,Rest on the seventh day of Passover,LEV 23:8,511,357
2,Do not do prohibited labor on the seventh day of Passover ,LEV 23:8,176,357
3,Rest on the Feast of Weeks,LEV 23:21,507,347
2,Do not do prohibited labor on the Feast of Weeks ,LEV 23:21,171,347
3,Rest on the Feast of Trumpets,LEV 23:24,506,348
2,Do not do prohibited labor on the Feast of Trumpets,LEV 23:25,170,349
3,Rest on the Feast of Tabernacles,LEV 23:35,505,352
2,Do not do prohibited labor on the first day of the Feast of Tabernacles ,LEV 23:35,173,352
3,Rest on the eighth day of the Feast of Tabernacles,LEV 23:36,508,353
2,Do not do prohibited labor on the last day of the Feast of Tabernacles,LEV 23:36,174,353
5,Do not eat leavened food on the afternoon of the 14th day of Nisan,DEU 16:3,189,40
5,Destroy all leaven on 14th day of Nisan ,EXO 12:15,107,144
5,Do not eat leaven all seven days of Passover,EXO 13:3,188,158
5,Do not eat mixtures containing leaven all seven days of Passover ,EXO 12:20,193,148
0,Do not see leaven in your domain seven days during Passover ,EXO 13:7,344,159
5,Do not find leaven in your domain seven days during Passover ,EXO 12:19,225,146
0,Eat unleavened bread on the first night of Passover ,EXO 12:18,398,145
4,Relate the Exodus from Egypt on the fIrst night Passover ,EXO 13:8,495,160
3,Hear the ram's horn on the Feast of Trumpets ,NUM 29:1,429,435
3,Dwell in a temporary shelter for the seven days of the Feast of Tabernacles,LEV 23:42,391,355
3,Take up a Lulav and Etrog all seven days of the Feast of Tabernacles ,LEV 23:40,536,354
0,Each male Israelite must give a half shekel annually ,EXO 30:13,393,222
4,The month of Passover (Nisan) shall be the first month,EXO 12:2,588,147
3,Sound the ram's horn when going to war,NUM 10:9,534,413
4,Marry a wife by means of a marriage agreement and sanctification,DEU 22:13,457,78
0,Do not have sexual relations with women not married by means of a marriage agreement and sanctification,DEU 23:18,243,95
0,"Do not withhold food, clothing, and sexual relations from your wife ",EXO 21:10,378,177
3,Have children with one's wife ,GEN 1:28,426,232
4,"Issue a divorce by means of a ""get"" document",DEU 24:1,434,104
5,A man must not remarry his ex-wife after she has married someone else,DEU 24:4,14,112
5,A man must marry the widow of his childless brother,DEU 25:5,12,122
5,A man must free the widow of his childless brother from the obligation to marry him if he is unwilling to marry her,DEU 25:9,11,123
5,A childless widow must not remarry until the ties with her brother-in-law are removed,DEU 25:5,1,122
4,The court must fine one who sexually seduces a maiden ,EXO 22:16,545,189
4,One who seduces a maiden must marry the maiden if she chooses,DEU 22:29,479,82
5,A seducer that marries the maiden he seduces must not divorce her,DEU 22:29,35,82
5,A man who slanders his wife with accusations of adultery must remain married to his wife,DEU 22:19,17,79
5,A man who slanders his wife with accusations of adultery must not divorce her,DEU 22:19,16,79
3,Fulfill the laws of the woman suspected of adultery,NUM 5:30,416,450
1,Do not put oil on the meal offering of a woman suspected of adultery,NUM 5:15,322,447
1,Do not put frankincense on the meal offering of a woman suspected of adultery,NUM 5:15,320,447
1,Do not have sexual relations with your mother ,LEV 18:7,251,288
1,Do not have sexual relations with your father's wife ,LEV 18:8,249,289
1,Do not have sexual relations with your sister ,LEV 18:9,253,290
1,Do not have sexual relations with your father's wife's daughter ,LEV 18:11,250,274
1,Do not have sexual relations with your son's daughter ,LEV 18:10,254,273
1,Do not have sexual relations with your daughter ,LEV 18:6,245,287
1,Do not have sexual relations with your daughter's daughter ,LEV 18:10,246,273
1,Do not have sexual relations with a woman and her daughter ,LEV 18:17,239,280
1,Do not have sexual relations with a woman and her son's daughter ,LEV 18:17,241,280
1,Do not have sexual relations with a woman and her daughter's daughter ,LEV 18:17,240,280
1,Do not have sexual relations with your father's sister ,LEV 18:12,248,275
1,Do not have sexual relations with your mother's sister ,LEV 18:13,252,276
1,Do not have sexual relations with your father's brother's wife ,LEV 18:14,247,277
1,Do not have sexual relations with your son's wife ,LEV 18:15,255,278
1,Do not have sexual relations with your brother's wife ,LEV 18:16,244,279
1,Do not have sexual relations with your wife's sister ,LEV 18:18,256,281
2,A man must not have sexual relations with an animal ,LEV 18:23,13,286
2,A woman must not have sexual relations with an animal ,LEV 18:23,37,286
1,Do not have homosexual sexual relations ,LEV 18:22,235,285
1,Do not have homosexual sexual relations with your father ,LEV 18:7,236,288
1,Do not have homosexual sexual relations with your father's brother ,LEV 18:14,237,277
1,Do not have sexual relations with someone else's wife ,LEV 18:20,242,283
1,Do not have sexual relations with a menstrually impure woman ,LEV 18:19,238,282
0,Do not marry those who are not members of the Covenant,DEU 7:3,289,141
0,Do not let Moabite and Ammonite males marry into the Covenant people ,DEU 23:4,275,102
0,Do not prevent a third-generation Egyptian convert from marrying into the Covenant people ,DEU 23:7,315,103
0,Do not refrain from marrying a third generation Edomite convert ,DEU 23:7,333,103
0,Do not let a child born due to an illegal relationship marry into the Covenant people ,DEU 23:3,276,101
0,Do not let a eunuch marry into the Covenant people ,DEU 23:1,277,90
1,Do not offer to God any castrated male animals ,LEV 22:24,298,336
3,The high priest must not marry a widow ,LEV 21:14,576,322
3,The high priest must not have sexual relations with a widow even outside of marriage ,LEV 21:15,575,323
3,The high priest must marry a virgin maiden ,LEV 21:13,572,321
2,A priest must not marry a divorcee ,LEV 21:7,29,327
2,A priest must not marry a woman who has had a forbidden sexual relationship,LEV 21:7,30,327
2,A priest must not marry a desecrated woman,LEV 21:7,28,327
1,Do not make pleasurable (sexual) contact with any forbidden woman ,LEV 18:6,288,287
3,Examine the signs of animals to distinguish between those which are kosher and non-kosher,LEV 11:2,406,240
0,Examine the signs of fowl to distinguish between those which are kosher and non-kosher,DEU 14:11,408,21
3,Examine the signs of fish to distinguish between those which are kosher and non-kosher,LEV 11:9,407,250
3,Examine the signs of insects to distinguish between those which are kosher and non-kosher,LEV 11:21,409,241
1,Do not eat non-kosher animals ,LEV 11:4,194,245
1,Do not eat non-kosher fowl ,LEV 11:13,198,239
1,Do not eat non-kosher fish ,LEV 11:11,196,238
5,Do not eat non-kosher flying insects ,DEU 14:19,197,22
1,Do not eat non-kosher creatures that crawl on land ,LEV 11:41,195,246
1,Do not eat non-kosher vermin ,LEV 11:44,199,249
1,Do not eat worms found in fruit on the ground ,LEV 11:42,216,247
1,Do not eat creatures that live in water other than kosher fish ,LEV 11:43,182,248
5,Do not eat of an animal that dies of natural causes,DEU 14:21,200,23
5,Do not benefit from an ox condemned to be stoned ,EXO 21:28,126,183
5,Do not eat meat of an animal that was mortally wounded ,EXO 22:31,191,195
5,Do not eat meat torn off a living creature,DEU 12:23,192,9
2,Do not eat blood ,LEV 3:17,179,389
2,Do not eat certain fats of clean animals,LEV 3:17,181,389
1,Do not eat the sinew of the thigh ,GEN 32:32,214,233
5,Do not eat meat and milk cooked together ,EXO 23:19,190,206
2,Do not cook meat and milk together ,EXO 34:26,144,230
2,Do not eat bread from new grain before the Omer ,LEV 23:14,180,344
1,Do not eat parched grains from new grain before the Omer ,LEV 23:14,202,344
1,Do not eat ripened grains from new grain before the Omer ,LEV 23:14,203,344
1,Do not eat fruit of a tree during its first three years ,LEV 19:23,187,301
5,Do not eat diverse seeds planted in a vineyard ,DEU 22:9,183,89
1,Do not eat untithed fruits ,LEV 22:14,215,331
5,Do not drink wine poured in service to idols ,DEU 32:38,177,130
4,Ritually slaughter an animal before eating it ,DEU 12:21,515,8
1,Do not slaughter an animal and its offspring on the same day ,LEV 22:28,354,339
2,Cover the blood of a slaughtered beast or fowl with earth ,LEV 17:13,103,271
0,Do not take a mother bird with its children ,DEU 22:6,366,86
4,Release a mother bird before taking her children from the nest,DEU 22:7,497,87
1,Do not swear falsely in God's Name ,LEV 19:12,363,293
0,Do not take God's Name in vain ,EXO 20:7,365,175
2,Do not deny possession of something entrusted to you ,LEV 19:11,160,292
1,Do not falsely swear in denial of a claim to property,LEV 19:11,224,292
4,Swear in God's Name to confirm the truth when deemed necessary by court ,DEU 10:20,535,1
0,Fulfill what you uttered and do what you vowed,DEU 23:23,417,99
2,Do not break oaths or vows,NUM 30:2,131,439
3,"For oaths and vows annulled, there are the laws of annulling vows explicit in the Law ",NUM 30:3,415,440
3,The nazarite must let his hair grow ,NUM 6:5,589,455
3,The nazarite must not cut his hair ,NUM 6:5,592,455
3,"The nazarite must not drink wine, wine mixtures, or wine vinegar ",NUM 6:3,593,453
3,The nazarite must not eat fresh grapes ,NUM 6:3,594,453
3,The nazarite must not eat raisins ,NUM 6:3,597,453
3,The nazarite must not eat grape seeds ,NUM 6:4,595,454
3,The nazarite must not eat grape skins ,NUM 6:4,596,454
3,The nazarite must not be under the same roof as a corpse ,NUM 6:6,590,456
3,The nazarite must not come into contact with the dead ,NUM 6:7,591,457
3,The nazarite must shave his head after bringing sacrifices upon completion of his nazarite period,NUM 6:9,598,458
3,Estimate the value of people as determined by the Law,LEV 27:2,403,381
3,Estimate the value of consecrated animals,LEV 27:12,400,378
3,Estimate the value of consecrated houses ,LEV 27:14,402,379
3,Estimate the value of consecrated fields ,LEV 27:16,401,380
2,Carry out the laws of interdicting possessions,LEV 27:28,89,383
1,Do not sell interdicted possessions ,LEV 27:28,347,383
1,Do not redeem interdicted possessions,LEV 27:28,328,383
1,Do not plant diverse seeds together ,LEV 19:19,309,300
0,Do not plant grains or greens in a vineyard ,DEU 22:9,310,89
2,Do not crossbreed animals ,LEV 19:19,146,300
0,Do not work different animals together ,DEU 22:10,383,76
0,Do not wear cloth woven of wool and linen,DEU 22:11,376,77
3,Leave a corner of the field uncut for the poor ,LEV 19:10,443,291
1,Do not reap the corner of a field left for the poor ,LEV 19:9,326,314
3,Leave gleanings of a field for the poor,LEV 19:9,445,314
1,Do not gather gleanings of a crop but leave them for the poor,LEV 19:9,228,314
3,Leave the gleanings of a vineyard for the poor,LEV 19:10,447,291
1,Do not gather the gleanings of a vineyard but leave them for the poor,LEV 19:10,230,291
3,Leave the unformed clusters of grapes for the poor,LEV 19:10,448,291
1,Do not pick the unformed clusters of grapes but leave them for the poor,LEV 19:10,306,291
4,Leave the forgotten sheaves in the field for the poor,DEU 24:19,446,111
0,Do not retrieve sheaves forgotten in the field but leave them for the poor,DEU 24:19,339,111
4,Separate the tithe for the poor,DEU 14:28,521,25
0,Give charity to those in need,DEU 15:8,419,33
0,Do not withhold charity from the poor,DEU 15:7,377,32
4,Set aside a gift of food for the priest,DEU 18:4,524,55
3,The Levite must set aside a tenth of his tithe for the priest,NUM 18:26,538,422
0,"Do not preface one tithe to the next, but separate them in their proper order ",EXO 22:29,312,194
2,A non- priest must not eat food set aside as a gift for the priest,LEV 22:10,20,329
2,A hired worker or an Israelite bondsman of a priest must not eat food set aside as a gift for the priest,LEV 22:10,3,329
5,An uncircumcised priest must not eat food set aside for a priest,EXO 12:48,50,152
2,An impure priest must not eat food set aside for a priest ,LEV 22:4,46,342
2,A desecrated woman must not eat food set aside for a priest ,LEV 22:12,2,330
3,Set aside a tithe each planting year and give it to a Levite,NUM 18:24,526,421
4,Set aside the second tithe,DEU 14:22,529,24
0,"Do not spend the money from selling the second tithe on anything but food, drink, or ointment in Jerusalem",DEU 26:14,357,125
5,Do not eat the second tithe while impure,DEU 26:14,213,125
5,A mourner on the first day after a death must not eat the second tithe,DEU 26:14,18,125
5,Do not eat second tithe grains outside Jerusalem ,DEU 12:17,205,5
5,Do not eat second tithe wine products outside Jerusalem ,DEU 12:17,207,5
5,Do not eat second tithe oil outside Jerusalem ,DEU 12:17,206,5
3,The fourth year crops must be totally for holy purposes like the second tithe,LEV 19:24,570,302
4,Read the confession of tithes every fourth and seventh year ,DEU 26:13,488,124
4,Set aside the first fruits and bring them to the Temple ,EXO 23:19,527,206
4,The priests must not eat the first fruits outside Jerusalem ,DEU 12:17,602,5
4,Read the portion of Scripture pertaining to the presentation of first fruits ,DEU 26:5,489,126
3,Set aside a portion of dough for a priest ,NUM 15:20,525,414
0,"Give the shoulder, two cheeks, and stomach of a slaughtered animals to a priest ",DEU 18:3,422,54
0,Give the first shearing of sheep to a priest ,DEU 18:4,421,55
3,Redeem firstborn sons and give the money to a priest ,NUM 18:15,492,417
4,Redeem the firstborn donkey by giving a lamb to a priest ,EXO 13:13,493,157
5,Break the neck of the donkey if the owner does not intend to redeem it ,EXO 13:13,62,157
4,The land shall rest unworked during the seventh year,EXO 34:21,583,229
3,Do not work the land during the seventh year,LEV 25:4,385,368
3,Do not work with trees to produce fruit during the seventh year ,LEV 25:4,387,368
1,Do not reap crops that grow wild during the seventh year in the normal manner ,LEV 25:5,324,372
1,Do not gather grapes which grow wild during the seventh year in the normal way ,LEV 25:5,229,372
4,Leave free all produce which grew in the seventh year ,EXO 23:11,444,201
4,Release all loans during the seventh year ,DEU 15:2,498,30
0,Do not pressure or claim from the borrower during the seventh year ,DEU 15:2,314,30
0,Do not refrain from lending immediately before the release of the loans for fear of monetary loss ,DEU 15:9,332,34
3,The Sanhedrin must count seven groups of seven years ,LEV 25:8,542,374
3,The Sanhedrin must sanctify the fiftieth year ,LEV 25:10,543,358
2,Blow the ram's horn on the tenth day of the seventh month to free the slaves ,LEV 25:9,59,375
3,Do not work the soil during the fiftieth year,LEV 25:11,386,359
1,Do not reap in the normal manner that which grows wild in the fiftieth year ,LEV 25:11,325,359
1,Do not pick grapes which grew wild in the normal manner in the fiftieth year ,LEV 25:11,305,359
2,Carry out the laws of sold family properties in the fiftieth year ,LEV 25:24,92,363
1,Do not sell the land in Israel indefinitely ,LEV 25:23,349,362
2,Carry out the laws of houses in walled cities ,LEV 25:29,87,364
4,The Tribe of Levi must not be given a portion of the land in Israel,DEU 18:1,544,48
4,The Levites must not take a share in the spoils of war ,DEU 18:1,539,48
3,Give the Levites cities to inhabit and their surrounding fields ,NUM 35:2,420,442
1,Do not sell the fields of the Levites but they shall belong to Levites before and after the Jubilee year ,LEV 25:34,348,365
2,Build a Sanctuary (Tabernacle-Temple) ,EXO 25:8,78,216
5,Do not build the altar with stones hewn by metal ,EXO 20:25,132,170
5,Do not climb steps to the altar ,EXO 20:26,139,171
3,Show reverence to the Temple ,LEV 19:30,531,307
3,Guard the Temple area ,NUM 18:2,424,419
1,Do not leave the Temple unguarded ,NUM 18:5,270,425
4,Prepare the anointing oil ,EXO 30:31,483,224
1,Do not reproduce the anointing oil ,EXO 30:32,336,225
2,Do not anoint a foreigner with anointing oil ,EXO 30:32,116,225
1,Do not reproduce the incense formula ,EXO 30:37,337,226
2,Do not burn anything on the Golden Altar besides incense ,EXO 30:9,134,228
3,The Levites must transport the ark on their shoulders ,NUM 7:9,540,461
0,Do not remove the staves from the ark ,EXO 25:15,335,214
3,The Levites must work in the Temple ,NUM 18:23,541,420
3,No Levite must do the work of either another priest or another Levite,NUM 18:3,462,423
2,Dedicate the priest for service ,LEV 21:8,105,328
4,The work of the priests' shifts must be equal during holidays ,DEU 18:6,607,56
4,The priests must wear their priestly garments during service ,EXO 28:2,605,218
0,Do not tear the priestly garments ,EXO 28:32,371,220
1,Do not loosen the breastplate from the ephod,EXO 28:28,281,219
2,A priest must not enter the Temple intoxicated ,LEV 10:9,23,237
2,A priest must not enter the Temple with his head uncovered ,LEV 10:6,24,235
2,A priest must not enter the Temple with torn clothes ,LEV 10:6,25,235
2,A priest must not enter the sanctuary of the Temple indiscriminately ,LEV 16:2,26,268
2,A priest must not leave the Temple during service ,LEV 10:7,27,236
3,Send the impure person from the Temple ,NUM 5:2,520,448
2,An impure person must not enter the Temple ,NUM 5:3,44,449
5,An impure person must not enter the Temple Mount area ,DEU 23:11,45,91
3,Impure priests must not do service in the Temple ,LEV 22:2,433,332
2,"An impure priest, following immersion, shall not serve until after sundown",LEV 21:6,47,326
2,A priest must wash his hands and feet before service ,EXO 30:19,31,223
2,A priest with a physical blemish must not enter the sanctuary or approach the altar ,LEV 21:23,32,325
2,A priest with a physical blemish must not serve ,LEV 21:17,33,324
2,A priest with a temporary blemish must not serve ,LEV 21:17,34,324
3,One who is not a priest must not serve ,NUM 18:4,477,424
3,Offer only unblemished animals ,LEV 22:21,473,334
2,Do not dedicate a blemished animal for the altar ,LEV 22:20,153,333
1,Do not slaughter a blemished animal ,LEV 22:22,353,335
1,Do not sprinkle a blemished animal's blood ,LEV 22:24,358,336
2,Do not burn a blemished animal's fat ,LEV 22:22,133,335
0,Do not offer a temporarily blemished animal ,DEU 17:1,294,42
1,Do not sacrifice blemished animals even if offered by those who are not part of the Covenant,LEV 22:25,341,337
1,Do not inflict wounds upon dedicated animals ,LEV 22:21,259,334
5, To redeem dedicated animals which have become disqualified,DEU 12:15,0,4
3,Offer only animals which are at least eight days old ,LEV 22:27,472,338
0,Do not offer animals bought with the wages of a harlot or the wages of a dog,DEU 23:18,295,95
2,Do not burn honey or yeast on the altar ,LEV 2:11,135,387
3,Salt all sacrifices ,LEV 2:13,516,388
1,Do not omit the salt from sacrifices ,LEV 2:13,299,388
2,Carry out the procedure of the burnt offering as prescribed in the Law ,LEV 1:3,97,315
5,Do not eat the meat of an offering away from the Temple ,DEU 12:17,209,5
2,Carry out the procedure of the sin offering ,LEV 6:25,99,403
1,Do not eat the meat of the inner sin offering ,LEV 6:23,212,402
2,Do not decapitate a fowl brought as a sin offering ,LEV 5:8,152,397
2,Carry out the procedure of the guilt offering ,LEV 7:1,98,407
4,The priests must eat the sacrificial meat in the Temple ,EXO 29:33,601,221
4,The priests must not eat the meat outside the Temple courtyard ,DEU 12:17,603,5
2,A non- priest must not eat certain sacrificial meat ,EXO 29:33,19,221
3,Follow the procedure of the peace offering ,LEV 7:11,413,408
5,Do not eat the meat of minor sacrifices before sprinkling the blood ,DEU 12:15,210,4
2,Bring meal offerings as prescribed in the Torah ,LEV 2:1,75,386
1,Do not put oil on the meal offerings of wrongdoers ,LEV 5:11,323,393
1,Do not put frankincense on the meal offerings of wrongdoers ,LEV 5:11,321,393
1,Do not eat the meal offering of a priest ,LEV 6:16,208,399
2,Do not bake a meal offering as leavened bread ,LEV 6:17,121,400
3,The priests must eat the remains of the meal offerings ,LEV 6:16,600,399
5,Bring all avowed and freewill offerings to the Temple on the first subsequent festival ,DEU 12:5,70,13
0,Do not withhold payment incurred by any vow ,DEU 23:22,379,98
4,Offer all sacrifices in the Temple ,DEU 12:11,471,2
5,Bring all sacrifices from outside Israel to the Temple ,DEU 12:26,71,10
1,Do not slaughter sacrifices outside the Temple  ,LEV 17:3,355,272
0,Do not offer any sacrifices outside the courtyard ,DEU 12:13,296,3
3,Offer two lambs for sacrifice every day ,NUM 28:3,476,433
3,Keep the fire burning on the altar ,LEV 6:9,438,406
1,Do not extinguish the fire on the altar ,LEV 6:9,222,406
3,Remove the ashes from the altar every day ,LEV 6:10,500,398
2,Burn incense every day ,EXO 30:7,81,227
4,Light the Menorah every day ,EXO 27:21,451,217
3,The high priest must bring a meal offering every day ,LEV 6:20,571,401
2,Bring two additional lambs as burnt offerings on the Sabbath ,NUM 28:9,76,434
4,Make the show bread and place it before God ,EXO 25:30,456,215
2,Bring additional offerings on the first day of the month,NUM 28:11,69,430
2,Bring additional offerings on Passover ,NUM 28:19,63,431
3,Offer the wave offering from the meal of the new wheat ,LEV 23:10,475,343
3,Each man must count seven weeks from the day the new wheat offering was brought after Passover,LEV 23:15,395,345
2,Bring additional offerings on the Feast of Weeks ,NUM 28:26,67,432
2,Bring two loaves to accompany the additional the Feast of Weeks offerings ,LEV 23:17,77,346
2,Bring additional offerings on the Feast of Trumpets,NUM 29:1,66,435
2,Bring additional offerings on the Day of Atonement,NUM 29:8,64,438
2,Bring additional offerings on the Feast of Tabernacles ,NUM 29:12,65,436
2,Bring additional offerings on the eighth day of the Feast of Tabernacles,NUM 29:35,68,437
5,Do not eat sacrifices which have become unfit or blemished ,DEU 14:3,204,26
2,Do not eat from sacrifices offered with improper intentions ,LEV 7:18,184,410
1,Do not leave sacrifices past the time allowed for eating them ,LEV 22:30,269,340
1,Do not eat from that which was left over from an offering ,LEV 19:8,186,313
2,Do not eat from sacrifices which became impure ,LEV 7:19,185,411
2,An impure person must not eat from sacrifices ,LEV 7:20,43,412
2,Burn the leftover sacrifices ,LEV 7:17,82,409
2,Burn all impure sacrifices ,LEV 7:19,80,411
3,Follow the procedures of the Day of Atonement in the sequence prescribed,LEV 16:3,414,270
3,One who profaned a sacred object must repay what he profaned plus a fifth and bring a sacrifice ,LEV 5:16,478,394
0,Do not work consecrated animals ,DEU 15:19,382,29
0,Do not shear the fleece of consecrated animals ,DEU 15:19,351,29
4,Slaughter the paschal sacrifice at the specified time ,EXO 12:6,532,153
0,Do not slaughter the paschal sacrifice while in possession of leaven ,EXO 23:18,356,205
1,Do not leave the fat of the paschal sacrifice overnight ,EXO 23:18,271,205
3,Slaughter the second Passover lamb ,NUM 7:11,533,459
0,Eat the Passover lamb with unleavened bread and bitter herbs on the night of the 14th of Nisan ,EXO 12:8,396,154
3,Eat the second Passover lamb on the night of the 15th day of the month after Passover,NUM 9:11,397,462
5,Do not eat the meat of the Passover lamb raw or boiled ,EXO 12:9,211,155
0,Do not take the meat of the Passover lamb from the confines of the group ,EXO 12:46,368,151
5,An apostate must not eat from the Passover lamb ,EXO 12:43,42,149
5,A permanent or temporary hired worker must not eat from the Passover lamb ,EXO 12:45,21,150
5,An uncircumcised male must not eat from the Passover lamb ,EXO 12:48,49,152
5,Do not break any bones from the Passover lamb,EXO 12:46,129,151
2,Do not break any bones from the second Passover lamb offering ,NUM 7:12,130,460
0,Do not leave any meat of the Passover lamb over until morning ,EXO 12:10,267,143
1,Do not leave the meat of the second Passover lamb over until morning ,NUM 9:12,273,463
0,Do not leave the meat of the Passover lamb of the 14th until the 16th ,DEU 16:4,272,41
0,"Go to the Temple on Passover, the Feast of Weeks, and the Feast of Tabernacles ",DEU 16:16,423,36
5,"Celebrate on Passover, the Feast of Weeks, and the Feast of Tabernacles and bring a peace offering",EXO 23:14,100,204
4,"Rejoice on Passover, the Feast of Weeks, and the Feast of Tabernacles and bring a peace offering",DEU 16:14,494,35
5,"Do not appear at the Temple during Passover, the Feast of Weeks, and the Feast of Tabernacles without offerings",DEU 16:16,117,36
0,"Do not refrain from rejoicing with, and giving gifts to, the Levites on the Pilgrimage Festivals",DEU 12:19,334,6
5,Assemble all the people on the Feast of Tabernacles following the seventh year,DEU 31:10,55,128
4,Set aside the firstborn animals ,EXO 13:12,528,156
4,The priests must not eat unblemished firstborn animals outside Jerusalem ,DEU 12:17,604,5
1,Do not redeem the firstborn animals ,NUM 18:17,329,418
3,Separate the tithe of animals ,LEV 27:32,522,384
1,Do not redeem the tithe,LEV 27:33,330,385
3,Every person must bring a sin offering for his transgression ,LEV 4:27,405,391
2,Bring an asham offering when uncertain of guilt ,LEV 5:17,72,395
2,Bring an offering when guilt is determined for certain sins,LEV 6:6,74,405
2,Bring an offering in accordance with one's financial ability,LEV 5:7,73,396
3,The High Court must bring an offering when it rules in error ,LEV 4:13,537,390
2,A woman who had a running vaginal issue must bring an offering in the Temple after she immerses in water,LEV 15:28,39,266
2,A woman who gave birth must bring an offering after she immerses in water,LEV 12:6,38,253
2,A man who had a running unnatural urinary issue must bring an offering in the Temple after he immerses in water,LEV 15:13,15,262
2,An leprous person must bring an offering after immersing in water,LEV 14:10,48,258
1,Do not substitute another beast for one set apart for sacrifice ,LEV 27:10,362,377
2,Both an animal offered as a substitution as well as an animal set apart for sacrifice retain their consecration ,LEV 27:10,60,377
2,Do not change consecrated animals from one type of offering to another ,LEV 27:26,137,382
2,Carry out the laws of impurity of the dead ,NUM 19:14,88,426
2,Carry out the procedure of the Red Heifer,NUM 19:2,96,427
2,Carry out the laws of the sprinkling water ,NUM 19:21,94,428
3,Follow the commandments of human leprosy as prescribed in the Law ,LEV 13:12,412,254
4,The unclean person must not remove his signs of impurity ,DEU 24:8,606,115
3,The leprous person must not shave signs of impurity in his hair ,LEV 13:33,584,255
3,"The leprous person must publicize his condition by tearing his garments, allowing his hair to grow and covering his lips ",LEV 13:45,585,256
2,Carry out the prescribed rules for purifying the leprous person ,LEV 14:2,95,259
3,The leprous person must shave off all his hair prior to purification ,LEV 14:9,586,261
2,Carry out the laws of leprous clothing ,LEV 13:47,90,257
2,Carry out the laws of leprous houses ,LEV 14:34,91,260
3,Observe the laws of menstrual impurity ,LEV 15:19,470,264
3,Observe the laws of impurity caused by childbirth ,LEV 12:2,466,251
3,Observe the laws of impurity caused by a woman's running issue ,LEV 15:25,465,265
3,Observe the laws of impurity caused by a man's running issue,LEV 15:3,464,267
3,Observe the laws of impurity caused by a dead beast ,LEV 11:39,463,244
3,Observe the laws of impurity caused by the eight listed creatures,LEV 11:29,467,242
3,Observe the laws of impurity of a seminal emission,LEV 15:16,469,263
3,Observe the laws of impurity concerning liquid and solid foods ,LEV 11:34,468,243
3,Every impure person must immerse himself in water to become pure ,LEV 15:16,404,263
4,The court must judge the damages incurred by a goring ox ,EXO 21:28,549,183
4,The court must judge the damages incurred by an animal eating ,EXO 22:5,551,196
4,The court must judge the damages incurred by a pit ,EXO 21:33,550,184
4,The court must judge the damages incurred by fire ,EXO 22:6,552,197
1,Do not steal money by lying,LEV 19:11,360,292
4,The court must implement punitive measures against a thief ,EXO 22:1,548,186
3,Each individual must ensure that his scales and weights are accurate ,LEV 19:36,392,311
2,Do not commit injustice with scales and weights ,LEV 19:35,140,310
0,Do not possess inaccurate scales and weights even if they are not for use ,DEU 25:13,311,117
0,Do not move a boundary marker to steal someone's property ,DEU 19:14,290,58
0,Do not kidnap ,EXO 20:15,265,165
1,Do not rob ,LEV 19:13,340,294
1,Do not withhold wages or fail to repay a debt ,LEV 19:13,380,294
5,Do not covet and scheme to acquire another's possession ,EXO 20:17,145,167
5,Do not desire another's possession ,DEU 5:18,164,131
3,Return a stolen object or its value,LEV 6:5,512,404
0,Do not ignore a lost object ,DEU 22:3,257,83
4,Return the lost object ,DEU 22:1,514,75
4,The court must implement laws against the one who assaults another or damages another's property ,EXO 21:18,547,180
0,Do not murder ,EXO 20:13,291,164
2,Do not accept monetary restitution to atone for a murderer ,NUM 35:31,111,445
3,The court must send the accidental murderer to a city of refuge ,NUM 35:25,559,443
2,Do not accept monetary restitution instead of being sent to a city of refuge ,NUM 35:32,110,446
1,Do not kill a murderer before he stands trial ,NUM 35:12,266,441
4,Save someone from being killed by a blood avenger even by taking the life of the pursuer ,DEU 25:12,519,116
1,Do not pity a person who pursues an individual accused of murder,NUM 35:12,307,441
1,Do not stand idly by if someone's life is in danger ,LEV 19:16,359,297
5,Designate cities of refuge and prepare routes of access ,DEU 19:3,106,61
5,Break the neck of a calf by the river valley following an unsolved murder ,DEU 21:4,61,74
0,Do not work nor plant the river valley where an unsolved murder occurred ,DEU 21:4,384,74
5,Do not allow pitfalls and obstacles to remain on your property ,DEU 22:8,115,88
4,Make a guard rail around flat roofs ,DEU 22:8,455,88
1,Do not put a stumbling block before a blind man,LEV 19:14,319,295
4,Help another remove the load from a beast which can no longer carry it ,EXO 23:5,430,210
0,Help others load their beast ,DEU 22:4,431,84
0,Do not leave others distraught with their burdens (but to help either load or unload) ,DEU 22:4,268,84
2,Buy and sell according to God's Law ,LEV 25:14,84,360
1,Do not overcharge or underpay for an article ,LEV 25:14,301,360
1,Do not insult or harm anybody with words ,LEV 25:17,263,361
5,Do not cheat a foreigner monetarily ,EXO 22:21,138,191
0,Do not insult or harm a foreigner with words ,EXO 22:21,262,191
4,Purchase a Hebrew slave in accordance with the prescribed laws ,EXO 21:2,486,181
1,Do not sell a Hebrew as a non-Hebrew is sold ,LEV 25:42,345,369
3,Do not work a Hebrew slave oppressively ,LEV 25:43,381,370
2,Do not allow a non-Israelite to work a Hebrew slave oppressively ,LEV 25:53,114,373
1,Do not have a Hebrew slave do menial slave labor ,LEV 25:39,234,367
0,Give a Hebrew slave gifts when he goes free ,DEU 15:14,418,28
0,Do not send a Hebrew slave away empty-handed ,DEU 15:13,350,27
4,Redeem Israelite maidservants ,EXO 21:8,491,185
5,Betroth the Israelite maidservant ,EXO 21:8,56,185
4,The master must not sell his maidservant ,EXO 21:8,587,185
2,Canaanite slaves must work forever unless injured in one of their limbs ,LEV 25:46,85,371
5,Do not extradite a slave who fled to the Land of Israel ,DEU 23:16,223,94
0,Do not wrong a slave who has come to the Land of Israel for refuge ,DEU 23:16,390,94
4,The courts must carry out the laws of a hired worker and hired guard ,EXO 22:10,565,187
4,Pay wages on the day they were earned ,DEU 24:15,480,108
2,Do not delay payment of wages past the agreed time ,LEV 19:13,155,294
4,The hired worker may eat from the unharvested crops where he works ,DEU 23:25,577,100
4,The worker must not eat while on hired time ,DEU 23:25,608,100
4,The worker must not take more than he can eat ,DEU 23:25,609,100
0,Do not muzzle an ox while plowing ,DEU 25:4,293,121
4,The courts must carry out the laws of a borrower ,EXO 22:14,564,188
4,The courts must carry out the laws of an unpaid guard ,EXO 22:7,566,198
4,Lend to the poor and destitute ,EXO 22:25,450,192
0,Do not press the poor and destitute for payment if you know they don't have it ,EXO 22:25,313,192
4,Press the idolater for payment of a loan ,DEU 15:3,484,31
4,The creditor must not forcibly take collateral ,DEU 24:10,569,105
4,Return the collateral to the debtor when needed ,DEU 24:13,513,107
5,Do not delay return of collateral when needed ,DEU 24:12,156,106
5,Do not demand collateral from a widow ,DEU 24:17,159,110
5,Do not demand as collateral utensils needed for preparing food ,DEU 24:6,158,114
1,Do not lend with interest ,LEV 25:37,274,366
5,Do not borrow with interest ,DEU 23:19,127,96
0,"Do not intermediate in an interest loan, guarantee, witness, or write the promissory note ",EXO 22:25,264,192
4,Lend to and borrow from idolaters with interest ,DEU 23:20,449,97
4,"The courts must carry out the laws of the plaintiff, admitter, or denier ",EXO 22:9,567,199
2,Carry out the laws of the order of inheritance ,NUM 27:8,93,429
5,Appoint judges ,DEU 16:18,54,37
5,Do not appoint judges who are not familiar with the Law,DEU 1:17,119,62
5,Decide by majority in case of disagreement ,EXO 23:2,104,207
4,The court must not execute through a majority of one; at least a majority of two is required ,EXO 23:2,554,207
2,A judge who presented an acquittal plea must not present an argument for conviction in capital cases ,EXO 23:2,10,207
4,The courts must carry out the death penalty of stoning ,DEU 22:24,562,80
3,The courts must carry out the death penalty of burning ,LEV 20:14,560,317
4,The courts must carry out the death penalty of decapitation with the sword ,EXO 21:20,561,182
3,The courts must carry out the death penalty of strangulation ,LEV 20:10,563,316
4,The courts must hang those stoned for blasphemy or idolatry ,DEU 21:22,568,72
5,Bury the executed on the day they are killed ,DEU 21:23,83,73
5,Do not delay burial overnight ,DEU 21:23,154,73
4,The court must not let the sorcerer live ,EXO 22:18,557,190
4,The court must give lashes to the wrongdoer ,DEU 25:3,546,120
4,The court must not exceed the prescribed number of lashes ,DEU 25:3,553,120
4,The court must not kill anybody on circumstantial evidence ,EXO 23:7,556,212
4,The court must not punish anybody who was forced to do a crime ,DEU 22:26,558,81
5,A judge must not pity the murderer or assaulter at the trial ,DEU 19:13,8,57
2,A judge must not have mercy on the poor man at the trial ,LEV 19:15,5,296
2,A judge must not respect the great man at the trial ,LEV 19:15,9,296
2,A judge must not decide unjustly the case of the habitual transgressor ,EXO 23:6,4,211
2,A judge must not pervert justice ,LEV 19:15,7,296
5,A judge must not pervert a case involving a foreigner or orphan ,DEU 24:17,6,110
3,Judge righteously ,LEV 19:15,435,296
4,The judge must not fear a violent man in judgment ,DEU 1:17,578,62
4,Judges must not accept bribes ,EXO 23:8,436,213
4,Judges must not accept testimony unless both parties are present ,EXO 23:1,437,200
5,Do not curse judges ,EXO 22:28,149,193
5,Do not curse the head of state or leader of the Sanhedrin ,EXO 22:28,150,193
2,Do not curse any upstanding Israelite ,LEV 19:14,148,295
2,Anybody who knows evidence must testify in court ,LEV 5:1,51,392
5,Carefully interrogate the witness ,DEU 13:15,86,15
2,A witness must not serve as a judge in capital crimes ,NUM 35:30,36,444
5,Do not accept testimony from a lone witness ,DEU 19:15,112,59
4,Habitual transgressors must not testify ,EXO 23:1,425,200
4,Relatives of the litigants must not testify ,DEU 24:16,496,109
0,Do not testify falsely ,EXO 20:16,373,166
4,Punish the false witnesses as they tried to punish the defendant ,DEU 19:19,485,60
5,Act according to the ruling of the Sanhedrin ,DEU 17:11,40,43
5,Do not deviate from the word of the Sanhedrin ,DEU 17:11,167,43
5,Do not add any commandments to the Law,DEU 12:32,113,11
5,Do not diminish any commandments from the Law,DEU 12:32,168,11
5,Do not curse your father and mother ,EXO 21:17,151,179
0,Do not strike your father and mother ,EXO 21:15,361,178
4,Respect your father or mother ,EXO 20:12,503,163
3,Fear your father or mother ,LEV 19:3,411,306
5,Do not be a rebellious son ,DEU 21:18,122,71
4,Mourn for relatives ,LEV 10:19,461,234
3,The high priest must not defile himself for any relative ,LEV 21:11,573,320
3,The high priest must not enter under the same roof as a corpse ,LEV 21:11,574,320
2,A priest must not defile himself (by going to funerals or cemeteries) for anyone except relatives ,LEV 21:1,22,319
5,Appoint a king from Israel ,DEU 17:15,52,44
5,Do not appoint a foreigner as king ,DEU 17:15,118,44
4,The king must not have too many wives ,DEU 17:17,581,46
4,The king must not have too many horses ,DEU 17:16,580,45
4,The king must not have too much silver and gold ,DEU 17:17,582,46
5,Destroy the seven Canaanite nations ,DEU 20:17,109,65
0,Do not let any of the seven Canaanite nations remain alive ,DEU 20:16,278,64
4,Wipe out the descendants of Amalek ,DEU 25:19,611,119
4,Remember what Amalek did to the Israelites,DEU 25:17,499,118
5,Do not forget Amalek's atrocities and ambush on our journey from Egypt in the desert ,DEU 25:19,227,119
5,Do not dwell permanently in Egypt,DEU 17:16,178,45
4,"Offer peace terms to the inhabitants of a city while holding siege, and treat them according to the Law if they accept the terms ",DEU 20:10,474,63
0,Do not offer peace to Ammon and Moab while besieging them ,DEU 23:7,297,103
5,Do not destroy fruit trees even during the siege ,DEU 20:19,165,66
4,Prepare latrines outside the camps ,DEU 23:13,482,92
4,Prepare a shovel for each soldier to dig with ,DEU 23:14,481,93
5,Appoint a priest to speak with the soldiers during the war ,DEU 20:2,53,67
0,"He who has taken a wife, built a new home, or planted a vineyard is given a year to rejoice with his possessions ",DEU 24:5,428,113
5,Do not demand any communal or military involvement for one year,DEU 24:5,157,113
0,Do not panic and retreat during battle ,DEU 20:3,302,68
4,Keep the laws of the captive woman ,DEU 21:11,439,69
0,Do not sell a captive woman into slavery ,DEU 21:14,346,70
0,Do not retain a captive woman for servitude after having sexual relations with her ,DEU 21:14,338,70
